"STRUCTURE_INTITULE";"NUMERO_SIVSS";"DATE_RECEPTION";"FAMILLE_PRINCIPALE";"NATURE_PRINCIPALE";"AUTRE_SIGNAL_LIBELLE";"FAMILLE_SECONDAIRE";"NATURE_SECONDAIRE";"AUTRE_SIGNAL_SECONDAIRE_LIBELLE";"EST_EIGS";"CONSEQUENCES_PERSONNE_EXPOSEE";"RECLAMATION";"DECLARANT_EST_ANONYME";"DECLARANT_QUALITE_FONCTION";"DECLARANT_CATEGORIE";"DECLARANT_ORGANISME_TYPE";"DECLARANT_ETABLISSEMENT_TYPE";"DECLARANT_ORGANISME_NUMERO_FINESS";"DECLARANT_ORGANISME_NOM";"DECLARANT_ORGANISME_REGION";"DECLARANT_ORGANISME_DEPARTEMENT";"DECLARANT_ORGANISME_CODE_POSTAL";"DECLARANT_ORGANISME_COMMUNE";"DECLARANT_ORGANISME_CODE_INSEE";"SURVENUE_CAS_COLLECTIVITE";"SCC_ORGANISME_TYPE";"SCC_ETABLISSEMENT_TYPE";"SCC_ORGANISME_NOM";"SCC_ORGANISME_FINESS";"SCC_ORGANISME_REGION";"SCC_ORGANISME_DEPARTEMENT";"SCC_ORGANISME_CODE_POSTAL";"SCC_ORGANISME_COMMUNE";"SCC_ORGANISME_CODE_INSEE";"ETAT";"SUPPORT_SIGNALEMENT";"DATE_CLOTURE";"MOTIF_CLOTURE"
ARS Hauts-de-France;"483211";"28/04/2023";Evénements/incidents dans un établissement ou organisme;Tensions sur l'offre;"";"";"";"";false;"";false;false;ARM Référent SAMU 62;Etablissements de santé;ES;C.H.;"620000034";CENTRE HOSPITALIER D'ARRAS;Hauts-de-France;Pas-de-Calais;"62000";Arras;"62041";true;ES;C.H.;CENTRE HOSPITALIER DE LA REGION DE SAINT-OMER;"010005239";Hauts-de-France;Pas-de-Calais;"62500";Saint-Omer;"62765";Clôturé;Mail;"28/04/2023";Signal transféré
ARS Île-de-France;"483179";"28/04/2023";Evénements indésirables/graves associés aux soins;Prise en charge médicamenteuse;"";"";"";"";true;Mise en jeu du pronostic vital;false;false;Autre;Etablissements médico-sociaux;EMS;EHPAD;"920710415";EHPAD DE SURESNES EX RESIDENCE COUVALOUX;Île-de-France;Hauts-de-Seine;"92150";Suresnes;"92073";false;"";"";"";"";"";"";"";"";"";Initial;Portail des signalements;"";""
ARS Hauts-de-France;"483207";"28/04/2023";Evénements/incidents dans un établissement ou organisme;Tensions sur l'offre;"";"";"";"";false;"";false;false;"";Etablissements de santé;ES;C.H.;"020001087";CH HIRSON;Hauts-de-France;Aisne;"02500";Hirson;"02381";true;ES;C.H.;CH HIRSON;"020001087";Hauts-de-France;Aisne;"02500";Hirson;"02381";Clôturé;Mail;"28/04/2023";Signal transféré
ARS Auvergne-Rhône-Alpes;"483292";"28/04/2023";Evénements indésirables/graves associés aux soins;Fausse route;"";"";"";"";false;"";false;false;"";Etablissements médico-sociaux;EMS;M.A.S.;"630788024";MAISON D'ACCUEIL SPECIALISEE LE VIADUC;Auvergne-Rhône-Alpes;Puy-de-Dôme;"63200";Chambaron sur Morge;"63244";true;EMS;M.A.S.;MAISON D'ACCUEIL SPECIALISEE LE VIADUC;"010005239";Auvergne-Rhône-Alpes;Puy-de-Dôme;"63200";Chambaron sur Morge;"63244";A valider;Mail;"";""
ARS de La Réunion;"483176";"28/04/2023";Evénements/incidents dans un établissement ou organisme;Acte(s) de violence autres;"";"";"";"";false;"";false;false;coordinatrice technique CRIP 974;Administrations et collectivités territoriales;AUTRE;"";"";CONSEIL DEPARTEMENTAL;Centre-Val de Loire;Cher;"18000";Bourges;"18033";true;EMS;I.M.E.;INSTITUT MEDICO-EDUCATIF LEVAVASSEUR;"010005239";La Réunion;La Réunion;"97400";Saint-Denis;"97411";Clôturé;Mail;"28/04/2023";Signal transféré
ARS Martinique;"483175";"27/04/2023";Autres;"";"";"";"";"";false;"";false;false;Autre;Etablissements de santé;ES;C.H. (ex H.L.);"070000195";CENTRE HOSPITALIER DE TOURNON SUR RHONE;Auvergne-Rhône-Alpes;Ardèche;"07300";Tournon-sur-Rhône;"07324";false;"";"";"";"";"";"";"";"";"";Interco;Portail des signalements;"";""
ARS Nouvelle-Aquitaine;"483229";"27/04/2023";Evénements indésirables/graves associés aux soins;Tentative de suicide;"";"";"";"";false;"";false;false;Directeur Régional;Associations;AUTRE;"";"";ANPAA;Nouvelle-Aquitaine;Gironde;"33100";Bordeaux;"33063";true;Autre;"";ANPAA 33 – ASSOCIATION ADDICTIONS FRANCE EN GIRONDE;"";Nouvelle-Aquitaine;Gironde;"33000";Bordeaux;"33063";En gestion;Mail;"";""
ARS Nouvelle-Aquitaine;"483230";"27/04/2023";Evénements/incidents dans un établissement ou organisme;Tensions sur l'offre;"";"";"";"";false;"";false;false;Directeur Régional;Associations;AUTRE;"";"";ANPAA;Nouvelle-Aquitaine;Gironde;"33100";Bordeaux;"33063";true;Autre;"";ANPAA 33 – ASSOCIATION ADDICTIONS FRANCE EN GIRONDE;"";Nouvelle-Aquitaine;Gironde;"33000";Bordeaux;"33063";En gestion;Mail;"";""
ARS Auvergne-Rhône-Alpes;"483187";"27/04/2023";Pathologies hors MDO ;Infection invasive à Haemophilus B;"";"";"";"";false;"";false;false;Médecin§Médecin Veille Sanitaire;Etablissements de santé§Administrations et collectivités territoriales;ES§AUTRE;C.H.§;"740781141§";CENTRE HOSPITALIER ALPES LEMAN§ARS 63;Auvergne-Rhône-Alpes§Auvergne-Rhône-Alpes;Haute-Savoie§Puy-de-Dôme;"74130§63000";Contamine-sur-Arve§Clermont-Ferrand;"74087§63113";false;"";"";"";"";"";"";"";"";"";En gestion;Mail;"";""
ARS Occitanie;"483181";"27/04/2023";Evénements/incidents dans un établissement ou organisme;Tensions sur l'offre;"";"";"";"";false;"";false;false;"";Etablissements de santé;ES;Etab.Soins Pluridis.;"310026927";CLINIQUE CAPIO LA CROIX DU SUD (GROUPE RAMSAY SANTE);Occitanie;Haute-Garonne;"31130";Quint-Fonsegrives;"31445";true;ES;Etab.Soins Pluridis.;CLINIQUE CAPIO LA CROIX DU SUD (GROUPE RAMSAY SANTE);"010005239";Occitanie;Haute-Garonne;"31130";Quint-Fonsegrives;"31445";A valider;Mail;"";""
ARS Auvergne-Rhône-Alpes;"483302";"27/04/2023";Evénements indésirables/graves associés aux soins;Fugue SDRE/SDJ/SDT;"";"";"";"";false;"";false;false;infirmière;Etablissements de santé;ES;C.H.S. Mal.Mentales;"690000096";CENTRE HOSPITALIER SPECIALISE DE SAINT CYR AU MONT D'OR;Auvergne-Rhône-Alpes;Rhône;"69450";Saint-Cyr-au-Mont-d'Or;"69191";true;ES;C.H.S. Mal.Mentales;CENTRE HOSPITALIER SPECIALISE DE SAINT CYR AU MONT D'OR;"010005239";Auvergne-Rhône-Alpes;Rhône;"69450";Saint-Cyr-au-Mont-d'Or;"69191";A valider;Mail;"";""
ARS Occitanie;"483178";"27/04/2023";Evénements indésirables/graves associés aux soins;Prise en charge médicamenteuse;"";"";"";"";false;"";false;false;Apprentie de Direction ;Etablissements médico-sociaux;EMS;EHPAD;"310784244";EHPAD ATHENA;Occitanie;Haute-Garonne;"31800";Villeneuve-de-Rivière;"31585";true;EMS;EHPAD;EHPAD ATHENA;"010786077";Occitanie;Haute-Garonne;"31800";Villeneuve-de-Rivière;"31585";A valider;Téléphone;"";""
ARS Auvergne-Rhône-Alpes;"483608";"27/04/2023";Expositions environnemfgdzentales;EDCH – eau de consommation humaine;"";"";"";"";false;"";false;false;"";Autres;AUTRE;"";"";GAEC de la ligulaire ;Auvergne-Rhône-Alpes;Puy-de-Dôme;"63970";Saulzet-le-Froid;"63407";true;Autre;"";GAEC de la ligulaire ;"";Auvergne-Rhône-Alpes;Puy-de-Dôme;"63970";Saulzet-le-Froid;"63407";A valider;Mail;"";""
ARS Occitanie;"483182";"27/04/2023";Evénements/incidents dans un établissement ou organisme;Vols et falsifications d'ordonnances et de cartes professionnelles;"";"";"";"";false;"";false;false;"";Etablissements de santé;ES;Pharmacie d'Officine;"340794585";PHARMACIE AGORA;Occitanie;Hérault;"34000";Montpellier;"34172";false;"";"";"";"";"";"";"";"";"";A valider;Mail;"";""
ARS Auvergne-Rhône-Alpes;"483280";"27/04/2023";Evénements/incidents dans un établissement ou organisme;Acte(s) de violence à caractère sexuel;"";"";"";"";false;"";false;false;"";Etablissements médico-sociaux;EMS;C.S.A.P.A.;"690005988";CSAPA DE GIVORS ANPAA;Auvergne-Rhône-Alpes;Rhône;"69700";Givors;"69091";true;EMS;C.S.A.P.A.;CSAPA DE GIVORS ANPAA;"010786077";Auvergne-Rhône-Alpes;Rhône;"69700";Givors;"69091";A valider;Mail;"";""
ARS Bretagne;"483173";"22/03/2022";Evénements indésirables/graves associés aux soins;Prise en charge chirurgicale;"";"";"";"";true;Décès;false;false;Autre;Etablissements de santé;ES;Etab.Soins Pluridis.;"560008799";HÔPITAL PRIVÉ OCÉANE;Bretagne;Morbihan;"56000";Vannes;"56260";false;"";"";"";"";"";"";"";"";"";En gestion;Portail des signalements;"";""
ARS Auvergne-Rhône-Alpes;"483174";"22/03/2022";Vigilances ;Pharmacovigilance;"";"";"";"";false;"";false;false;Médecin;Professionnels de santé libéraux;AUTRE;"";"";Dr Marjorie Parent;Auvergne-Rhône-Alpes;Savoie;"";"";"";false;"";"";"";"";"";"";"";"";"";Clôturé;Portail des signalements;"28/04/2023";Signal transféré
ARS Auvergne-Rhône-Alpes;"483191";"22/03/2022";Pathologies hors MDO ;Gale;"";"";"";"";false;"";false;false;"";Etablissements médico-sociaux;EMS;Maisons Relais-Pens.;"420016081";MAIS. RELAIS LES LAURIERS SOLIHA LOIRE;Auvergne-Rhône-Alpes;Loire;"42100";Saint-Étienne;"42218";true;EMS;Maisons Relais-Pens.;MAIS. RELAIS LES LAURIERS SOLIHA LOIRE;"010786077";Auvergne-Rhône-Alpes;Loire;"42100";Saint-Étienne;"42218";En gestion;Mail;"";""
ARS Bretagne;"483198";"22/03/2022";Pathologies hors MDO ;Intoxication au CO;"";"";"";"";false;"";false;false;Interne;Autres;AUTRE;"";"";CAP ANGERS;Pays de la Loire;Maine-et-Loire;"49100";Angers;"49007";false;"";"";"";"";"";"";"";"";"";En gestion;Mail;"";""
ARS Occitanie;"483177";"22/03/2022";Evénements/incidents dans un établissement ou organisme;Maltraitance;"";"";"";"";false;"";false;false;"";Etablissements médico-sociaux;EMS;EHPAD;"310794631";EHPAD SAINTE MONIQUE;Occitanie;Haute-Garonne;"31100";Toulouse;"31555";true;EMS;EHPAD;EHPAD SAINTE MONIQUE;"310794631";Occitanie;Haute-Garonne;"31100";Toulouse;"31555";A valider;Mail;"";""
ARS Nouvelle-Aquitaine;"483172";"22/03/2022";Evénements indésirables/graves associés aux soins;Autre prise en charge;"";"";"";"";true;Probable déficit fonctionnel permanent;false;false;Autre;Etablissements de santé;ES;Etab.Soins Pluridis.;"170780621";POLYCLINIQUE SAINT GEORGES;Nouvelle-Aquitaine;Charente-Maritime;"17110";Saint-Georges-de-Didonne;"17333";true;ES;Etab.Soins Pluridis.;POLYCLINIQUE SAINT GEORGES;"010786077";Nouvelle-Aquitaine;Charente-Maritime;"17110";Saint-Georges-de-Didonne;"17333";En gestion;Portail des signalements;"";""
ARS Nouvelle-Aquitaine;"483206";"22/03/2022";Expositions environnementales;Pollution accidentelle des milieux;"";"";"";"";false;"";false;false;"";Services de secours (SDIS, CODIS, Sécurité civile);AUTRE;"";"";SDIS 79;Nouvelle-Aquitaine;Deux-Sèvres;"";"";"";false;"";"";"";"";"";"";"";"";"";En gestion;Télécopie;"";""
ARS Auvergne-Rhône-Alpes;"483256";"22/03/2022";Evénements indésirables/graves associés aux soins;Fugue SDRE/SDJ/SDT;"";"";"";"";false;"";false;false;IDE;Etablissements de santé;ES;C.H.S. Mal.Mentales;"690000096";CENTRE HOSPITALIER SPECIALISE DE SAINT CYR AU MONT D'OR;Auvergne-Rhône-Alpes;Rhône;"69450";Saint-Cyr-au-Mont-d'Or;"69191";true;ES;C.H.S. Mal.Mentales;CENTRE HOSPITALIER SPECIALISE DE SAINT CYR AU MONT D'OR;"010786077";Auvergne-Rhône-Alpes;Rhône;"69450";Saint-Cyr-au-Mont-d'Or;"69191";Clôturé;Mail;"28/04/2023";Géré
ARS Auvergne-Rhône-Alpes;"483227";"22/03/2022";Evénements indésirables/graves associés aux soins;Prise en charge médicamenteuse;"";"";"";"";false;"";false;false;"";Etablissements médico-sociaux;EMS;EHPAD;"630791580";EHPAD LE VERT GALANT- RESIDENCE RENOUARD;Auvergne-Rhône-Alpes;Puy-de-Dôme;"63000";Clermont-Ferrand;"63113";true;EMS;EHPAD;EHPAD LE VERT GALANT- RESIDENCE RENOUARD;"630791580";Auvergne-Rhône-Alpes;Puy-de-Dôme;"63000";Clermont-Ferrand;"63113";A valider;Mail;"";""
ARS Auvergne-Rhône-Alpes;"483169";"22/03/2022";Maladies à déclaration obligatoire ;Infection Invasive à Méningocoque (IIM);"";"";"";"";false;"";false;false;Médecin Pédiatrie;Etablissements de santé;ES;C.H.;"260000013";CENTRE HOSPITALIER DE VALENCE;Auvergne-Rhône-Alpes;Drôme;"26000";Valence;"26362";false;"";"";"";"";"";"";"";"";"";En gestion;Télécopie;"";""
ARS Auvergne-Rhône-Alpes;"483170";"22/03/2022";Evénements indésirables/graves associés aux soins;Prise en charge diagnostique;"";Evénements indésirables/graves associés aux soins;Prise en charge chirurgicale;"";true;Décès;false;false;Autre;Etablissements de santé;ES;C.H.;"070000179";CENTRE HOSPITALIER ARDECHE NORD;Auvergne-Rhône-Alpes;Ardèche;"07100";Annonay;"07010";true;ES;C.H.;CENTRE HOSPITALIER ARDECHE NORD;"010786077";Auvergne-Rhône-Alpes;Ardèche;"07100";Annonay;"07010";En gestion;Portail des signalements;"";""
ARS Occitanie;"483168";"17/02/2022";Evénements/incidents dans un établissement ou organisme;Défaillances techniques;"";"";"";"";false;"";false;false;Directrice d'exploitation;Etablissements médico-sociaux;EMS;EHPAD;"810010223";EHPAD LES JARDINS DE JOUVENCE ALBI;Occitanie;Tarn;"81000";Albi;"81004";true;EMS;EHPAD;EHPAD LES JARDINS DE JOUVENCE ALBI;"010786077";Occitanie;Tarn;"81000";Albi;"81004";A valider;Mail;"";""
ARS Pays de la Loire;"483167";"17/02/2022";Maladies à déclaration obligatoire ;Mésothéliome;"";"";"";"";false;"";false;false;ANATOMO CYTHO-PATHOLOGISTE;Professionnels de santé libéraux;AUTRE;"";"";Cabinet libéral;Pays de la Loire;Loire-Atlantique;"44300";Nantes;"44109";false;"";"";"";"";"";"";"";"";"";Clôturé;Mail;"27/04/2023";Géré
ARS Corse;"483171";"17/02/2022";Pathologies hors MDO ;Déclaration Maritime de Santé (DMS);"";"";"";"";false;"";false;false;"";"";"";"";"";"";"";"";"";"";"";false;"";"";"";"";"";"";"";"";"";En gestion;Mail;"";""
ARS Nouvelle-Aquitaine;"483166";"17/02/2022";Pathologies hors MDO ;GEA - Gastro-entérite Aigue;"";"";"";"";false;"";false;false;Médecin;Etablissements médico-sociaux;EMS;EHPAD;"870017977";EHPAD LE HAMEAU DU BUIS;Nouvelle-Aquitaine;Haute-Vienne;"87220";Boisseuil;"87019";true;EMS;EHPAD;EHPAD LE HAMEAU DU BUIS;"010786077";Nouvelle-Aquitaine;Haute-Vienne;"87220";Boisseuil;"87019";En gestion;Portail des signalements;"";""
ARS Île-de-France;"483164";"17/02/2022";Evénements indésirables/graves associés aux soins;Autre prise en charge;"";"";"";"";true;Décès;false;false;Autre;Etablissements de santé;ES;Etab.Soins Pluridis.;"750301145";CLINIQUE DU MONT LOUIS;Île-de-France;Paris;"75011";Paris 11e Arrondissement;"75111";false;"";"";"";"";"";"";"";"";"";Initial;Portail des signalements;"";""
ARS Grand Est;"483162";"17/02/2022";Pathologies hors MDO ;Coronavirus (dont MERS-CoV);"";"";"";"";false;"";false;false;PH infectiologue;Etablissements de santé;ES;C.H.R.;"670000025";HOPITAL CIVIL / NOUVEL HOPITAL CIVIL;Grand Est;Bas-Rhin;"67000";Strasbourg;"67482";false;"";"";"";"";"";"";"";"";"";Clôturé;Mail;"02/05/2023";Non validé
ARS Île-de-France;"483161";"17/02/2022";Maladies à déclaration obligatoire ;Dengue;"";"";"";"";false;"";false;false;"";Professionnels de santé libéraux;AUTRE;"";"";Laboratoire Médicale;Occitanie;Haute-Garonne;"31600";"";"";false;"";"";"";"";"";"";"";"";"";Clôturé;Mail;"28/04/2023";Géré
ARS Grand Est;"483160";"17/02/2022";Evénements/incidents dans un établissement ou organisme;Acte(s) de violence autres;"";"";"";"";false;"";false;false;Directeur Général;Etablissements médico-sociaux;EMS;S.E.S.S.A.D.;"520005406";DAR SESSAD BOIS L'ABBESSE ST DIZIER;Grand Est;Haute-Marne;"52100";Saint-Dizier;"52448";false;"";"";"";"";"";"";"";"";"";A réguler;"";"";""
ARS Nouvelle-Aquitaine;"483163";"17/02/2022";Pathologies hors MDO ;GEA - Gastro-entérite Aigue;"";"";"";"";false;"";false;false;"";ARS Autres régions;AUTRE;"";"";CVAGS_ARS_NA;Nouvelle-Aquitaine;Gironde;"33000";Bordeaux;"33063";true;EMS;EHPAD;EHPAD LE HAMEAU DU BUIS;"870017977";Nouvelle-Aquitaine;Haute-Vienne;"87220";Boisseuil;"87019";En gestion;Mail;"";""
ARS Île-de-France;"483158";"17/02/2022";Evénements/incidents dans un établissement ou organisme;Tensions sur l'offre;"";"";"";"";false;"";false;false;"";Etablissements de santé;ES;C.H.;"930000286";GROUPE HOSPITALIER INTERCOMMUNAL LE RAINCY MONTFERMEIL;Île-de-France;Seine-Saint-Denis;"93370";Montfermeil;"93047";false;"";"";"";"";"";"";"";"";"";Clôturé;Mail;"27/04/2023";Signal transféré
ARS Nouvelle-Aquitaine;"483159";"17/02/2022";Vigilances ;Matériovigilance;"";"";"";"";false;"";false;false;Technicienne chargée d'inspection radioprotection;Autres;AUTRE;"";"";APAVE Poitier;Nouvelle-Aquitaine;Vienne;"86000";Poitiers;"86194";false;"";"";"";"";"";"";"";"";"";En gestion;Mail;"";""
ARS Bretagne;"483157";"17/02/2022";Vigilances ;RAPASAN (MT ou BMR);"";"";"";"";false;"";false;false;"";Autres;AUTRE;"";"";ASSISTANCE MAEE;Île-de-France;Hauts-de-Seine;"92230";Gennevilliers;"92036";false;"";"";"";"";"";"";"";"";"";Clôturé;Mail;"27/04/2023";Géré
ARS Grand Est;"483155";"17/02/2022";Evénements/incidents dans un établissement ou organisme;Acte(s) de violence autres;"";"";"";"";false;"";false;false;"";Etablissements médico-sociaux;EMS;F.A.M.;"680020203";FAM CAP CORNELY;Grand Est;Haut-Rhin;"68200";Mulhouse;"68224";true;EMS;F.A.M.;FAM CAP CORNELY;"010786077";Grand Est;Haut-Rhin;"68200";Mulhouse;"68224";Clôturé;Mail;"28/04/2023";Géré
ARS Pays de la Loire;"483153";"17/02/2022";Maladies à déclaration obligatoire ;Mésothéliome;"";"";"";"";false;"";false;false;"";Etablissements de santé;AUTRE;"";"";CLINIQUE D'ANJOU;Pays de la Loire;Maine-et-Loire;"49100";Angers;"49007";false;"";"";"";"";"";"";"";"";"";Clôturé;Mail;"27/04/2023";Géré
ARS Grand Est;"483150";"17/02/2022";Maladies à déclaration obligatoire ;Toxi-Infection Alimentaire Collective (TIAC);"";"";"";"";false;"";false;false;"";Autres;AUTRE;"";"";Centre Social Les Charmilles;Grand Est;Vosges;"88300";Neufchâteau;"88321";false;"";"";"";"";"";"";"";"";"";Clôturé;Téléphone;"02/05/2023";Non validé
ARS Occitanie;"483152";"17/02/2022";Evénements/incidents dans un établissement ou organisme;Situations conflictuelles avec un ou des tiers;"";Evénements/incidents dans un établissement ou organisme;Acte(s) de violence autres;"";false;"";false;false;Chef de service ;Etablissements médico-sociaux;EMS;S.A.M.S.A.H.;"010789717";SERVICE ACCOMPAGNEMENT MEDICO-SOCIAL ADUL HANDICAPES DE FOIX;Occitanie;Ariège;"09000";Foix;"09122";true;EMS;S.A.M.S.A.H.;SERVICE ACCOMPAGNEMENT MEDICO-SOCIAL ADUL HANDICAPES DE FOIX;"090002858";Occitanie;Ariège;"09000";Foix;"09122";En gestion;Mail;"";""
ARS Île-de-France;"483149";"27/04/2021";Evénements/incidents dans un établissement ou organisme;Evénements/incidents dans une structure autres;"";"";"";"";false;"";true;false;"";Particulier;"";"";"";"";"";"";"";"";"";false;"";"";"";"";"";"";"";"";"";Clôturé;Mail;"27/04/2023";Signal transféré
ARS Occitanie;"483148";"27/04/2021";Maladies à déclaration obligatoire ;Infection Invasive à Méningocoque (IIM);"";"";"";"";false;"";false;false;"";Etablissements de santé;ES;C.H.;"010789717";HJ PIJ CH BEZIERS SITE MONTIMARAN;Occitanie;Hérault;"34500";Béziers;"34032";false;"";"";"";"";"";"";"";"";"";En gestion;Télécopie;"";""
ARS Pays de la Loire;"483145";"27/04/2021";Pathologies hors MDO ;Infection invasive à streptocoques A;"";"";"";"";false;"";false;false;INTERNE EN MEDECINE;Etablissements de santé;ES;C.H.;"010789717";CENTRE HOSPITALIER DE CHOLET;Pays de la Loire;Maine-et-Loire;"49300";Cholet;"49099";false;"";"";"";"";"";"";"";"";"";En gestion;Téléphone;"";""
ARS Auvergne-Rhône-Alpes;"483147";"27/04/2021";Evénements indésirables/graves associés aux soins;Autre prise en charge;"";"";"";"";false;"";false;false;Autre;Etablissements de santé;ES;Etab.Soins Pluridis.;"010789717";CLINIQUE MEDICO-CHIRURGICALE CHARCOT;Auvergne-Rhône-Alpes;Rhône;"69110";Sainte-Foy-lès-Lyon;"69202";true;ES;Etab.Soins Pluridis.;CLINIQUE MEDICO-CHIRURGICALE CHARCOT;"690780366";Auvergne-Rhône-Alpes;Rhône;"69110";Sainte-Foy-lès-Lyon;"69202";En gestion;Portail des signalements;"";""
ARS Centre-Val de Loire;"483143";"27/04/2021";Pathologies hors MDO ;Infection invasive à streptocoques A;"";"";"";"";false;"";false;false;Biologiste;Autres;ES;GCS-Moyens;"010789717";GCS MEDICO TECHNIQUE & LOGISTIQUE LOIRE ET SOLOGNE;Centre-Val de Loire;Loir-et-Cher;"41000";Blois;"41018";false;"";"";"";"";"";"";"";"";"";Clôturé;Mail;"28/04/2023";Géré
ARS Île-de-France;"483144";"27/04/2021";Expositions environnementales;Air extérieur;"";"";"";"";false;"";false;false;Directrice;Etablissements médico-sociaux;EMS;C.M.P.P.;"010789717";CMPP D AUBERVILLIERS;Île-de-France;Seine-Saint-Denis;"93300";Aubervilliers;"93001";false;"";"";"";"";"";"";"";"";"";Clôturé;Mail;"27/04/2023";Signal transféré
ARS Centre-Val de Loire;"483217";"27/04/2021";Maladies à déclaration obligatoire ;Tuberculose;"";"";"";"";false;"";false;false;IRS;Autres;AUTRE;"";"";CLAT 45;Centre-Val de Loire;Loiret;"45000";Orléans;"";false;"";"";"";"";"";"";"";"";"";Clôturé;Mail;"28/04/2023";Géré
ARS Bourgogne-Franche-Comté;"483142";"22/03/2021";Evénements indésirables/graves associés aux soins;Prise en charge chirurgicale;"";"";"";"";true;Mise en jeu du pronostic vital;false;false;Pharmacien;Etablissements de santé;ES;C.H.R.;"210987558";HOPITAL LE BOCAGE CHRU DIJON;Bourgogne-Franche-Comté;Côte-d'Or;"21000";Dijon;"21231";false;"";"";"";"";"";"";"";"";"";En gestion;Portail des signalements;"";""
ARS Île-de-France;"483139";"22/03/2021";Evénements indésirables/graves associés aux soins;Chute;"";"";"";"";true;Mise en jeu du pronostic vital;false;false;Autre;Etablissements médico-sociaux;EMS;EHPAD;"910701614";ETABLISSEMENT D HEBERG POUR PERSONNES AGEES DEPENDANTES;Île-de-France;Essonne;"91230";Montgeron;"91421";false;"";"";"";"";"";"";"";"";"";En gestion;Portail des signalements;"";""
ARS Centre-Val de Loire;"483141";"22/03/2021";Pathologies hors MDO ;Infection invasive à streptocoques A;"";"";"";"";false;"";false;false;Biologiste;Autres;ES;GCS-Moyens;"010789717";GCS MEDICO TECHNIQUE & LOGISTIQUE LOIRE ET SOLOGNE;Centre-Val de Loire;Loir-et-Cher;"41000";Blois;"41018";false;"";"";"";"";"";"";"";"";"";Clôturé;Mail;"28/04/2023";Géré
ARS Bretagne;"483140";"22/03/2021";Evénements indésirables/graves associés aux soins;Prise en charge chirurgicale;"";"";"";"";true;Décès;false;false;Médecin;Etablissements de santé;ES;C.H.;"010789717";CENTRE HOSPITALIER DE LANNION;Bretagne;Côtes d'Armor;"22300";Lannion;"22113";false;"";"";"";"";"";"";"";"";"";En gestion;Portail des signalements;"";""
ARS Provence-Alpes-Côte d'Azur;"483138";"22/03/2021";Pathologies hors MDO ;Déclaration Maritime de Santé (DMS);"";"";"";"";false;"";false;false;"";Autres;AUTRE;"";"";Costamed Ship Services Srl;Provence-Alpes-Côte d'Azur;Bouches-du-Rhône;"13001";Marseille 1er Arrondissement;"13201";false;"";"";"";"";"";"";"";"";"";Clôturé;Mail;"27/04/2023";Géré
ARS Bretagne;"483136";"22/03/2021";Evénements indésirables/graves associés aux soins;Prise en charge diagnostique;"";"";"";"";true;Décès;false;false;Médecin;Etablissements de santé;ES;C.H.;"010789717";CENTRE HOSPITALIER DE LANNION;Bretagne;Côtes d'Armor;"22300";Lannion;"22113";true;ES;C.H.;CENTRE HOSPITALIER DE LANNION;"220000368";Bretagne;Côtes d'Armor;"22300";Lannion;"22113";En gestion;Portail des signalements;"";""
ARS Île-de-France;"483134";"22/03/2021";Evénements/incidents dans un établissement ou organisme;Situations conflictuelles avec un ou des tiers;"";"";"";"";false;"";false;false;Directrice Exploitation;Etablissements médico-sociaux;EMS;EHPAD;"750046351";ETAB HEBERGEMENT PERS AGEES DEPENDANTES RESIDENCE TROCADERO;Île-de-France;Paris;"75116";Paris 16e Arrondissement;"75116";false;"";"";"";"";"";"";"";"";"";Clôturé;Mail;"27/04/2023";Géré
ARS Auvergne-Rhône-Alpes;"483137";"22/03/2021";Maladies à déclaration obligatoire ;Toxi-Infection Alimentaire Collective (TIAC);"";"";"";"";false;"";false;false;"";Autres;AUTRE;"";"";ELIOR;Île-de-France;Hauts-de-Seine;"92000";Nanterre;"92050";false;"";"";"";"";"";"";"";"";"";En gestion;Mail;"";""
ARS Auvergne-Rhône-Alpes;"483146";"22/03/2021";Pathologies hors MDO ;Maladie autres;"";"";"";"";false;"";false;false;médecin conseiller technique ;Administrations et collectivités territoriales;AUTRE;"";"";DSDEN 73;Auvergne-Rhône-Alpes;Savoie;"73000";Chambéry;"73065";true;Autre;"";lycée Marlioz;"";Auvergne-Rhône-Alpes;Savoie;"73100";Aix-les-Bains;"";En gestion;Mail;"";""
ARS Auvergne-Rhône-Alpes;"483151";"22/03/2021";Evénements indésirables/graves associés aux soins;Fugue SDRE/SDJ/SDT;"";"";"";"";false;"";false;false;"";Etablissements de santé;ES;C.H.S. Mal.Mentales;"010789717";CENTRE HOSPITALIER ALPES ISERE;Auvergne-Rhône-Alpes;Isère;"38120";Saint-Égrève;"38382";true;ES;C.H.S. Mal.Mentales;CENTRE HOSPITALIER ALPES ISERE;"380000133";Auvergne-Rhône-Alpes;Isère;"38120";Saint-Égrève;"38382";Clôturé;Mail;"27/04/2023";Géré
ARS Grand Est;"483129";"27/04/2020";Pathologies hors MDO ;Intoxication au CO;"";"";"";"";false;"";false;false;Médecin;Autres;ES;C.H.R.;"540001138";CHRU NANCY - HOPITAL CENTRAL;Grand Est;Meurthe-et-Moselle;"54000";Nancy;"54395";false;"";"";"";"";"";"";"";"";"";A valider;Télécopie;"";""
ARS Occitanie;"483135";"27/04/2020";Evénements indésirables/graves associés aux soins;Autre prise en charge;"";"";"";"";false;"";false;false;Directrice;Etablissements médico-sociaux;EMS;I.M.E.;"010789717";INSTITUT MEDICO EDUCATIF FONDATION PIERRE SARRAUT;Occitanie;Tarn-et-Garonne;"82000";Montauban;"82121";true;EMS;I.M.E.;INSTITUT MEDICO EDUCATIF FONDATION PIERRE SARRAUT;"820000321";Occitanie;Tarn-et-Garonne;"82000";Montauban;"82121";A valider;Mail;"";""
ARS Nouvelle-Aquitaine;"483132";"27/04/2020";Vigilances ;Radiovigilance;"";"";"";"";false;"";false;false;"";Autres;AUTRE;"";"";ASN-Autorité de sûreté nucléaire;Île-de-France;Val-de-Marne;"94300";Vincennes;"94080";true;ES;Ctre.Lutte C.Cancer;INSTITUT BERGONIE CENTRE REGIONAL DE LUTTE CONTRE LE CANCER;"010789717";Nouvelle-Aquitaine;Gironde;"33000";Bordeaux;"33063";En gestion;Mail;"";""
ARS Bretagne;"483165";"27/04/2020";Pathologies hors MDO ;GEA - Gastro-entérite Aigue;"";"";"";"";false;"";false;false;Responsable des services;Etablissements médico-sociaux;EMS;EHPAD;"350005344";MAISON DE RETRAITE PRIVEE CONVENTIONNEE SAINT MICHEL;Bretagne;Ille-et-Vilaine;"35340";Liffré;"35152";true;EMS;EHPAD;MAISON DE RETRAITE PRIVEE CONVENTIONNEE SAINT MICHEL;"350005344";Bretagne;Ille-et-Vilaine;"35340";Liffré;"35152";En gestion;Mail;"";""
ARS Grand Est;"483124";"27/04/2020";Vigilances ;RAPASAN (MT ou BMR);"";"";"";"";false;"";false;false;"";Autres;AUTRE;"";"";AWP France SAS;Île-de-France;Paris;"75017";Paris 17e Arrondissement;"75117";false;"";"";"";"";"";"";"";"";"";En gestion;"";"";""
ARS Hauts-de-France;"483127";"27/04/2020";Evénements/incidents dans un établissement ou organisme;Tensions sur l'offre;"";"";"";"";false;"";false;false;Directeur de Soins;Etablissements de santé;ES;C.H.;"010789717";CENTRE HOSPITALIER DE LENS;Hauts-de-France;Pas-de-Calais;"62300";Lens;"62498";true;ES;C.H.;CENTRE HOSPITALIER DE LENS;"620000257";Hauts-de-France;Pas-de-Calais;"62300";Lens;"62498";Clôturé;Mail;"27/04/2023";Signal transféré
ARS Nouvelle-Aquitaine;"483128";"27/04/2020";Vigilances ;Pharmacovigilance;"";"";"";"";false;"";false;false;Assitante de direction;Agences Nationales;AUTRE;"";"";ANSM;Île-de-France;Seine-Saint-Denis;"93200";Saint-Denis;"93066";false;"";"";"";"";"";"";"";"";"";En gestion;Mail;"";""
ARS Hauts-de-France;"483131";"27/04/2020";Evénements/incidents dans un établissement ou organisme;Tensions et ruptures sur les stocks;"";"";"";"";false;"";false;false;ASSISTANTE;Administration centrale Affaires Sociales et Santé;AUTRE;"";"";ANSM;Île-de-France;Seine-Saint-Denis;"93200";Saint-Denis;"93066";false;"";"";"";"";"";"";"";"";"";Clôturé;Mail;"27/04/2023";Signal transféré
ARS Bretagne;"483123";"27/04/2020";Maladies à déclaration obligatoire ;Listériose;"";"";"";"";false;"";false;false;Médecin biologiste;Etablissements de santé;ES;Etab.Soins Pluridis.;"010789717";CHP SAINT GREGOIRE;Bretagne;Ille-et-Vilaine;"35760";Saint-Grégoire;"35278";false;"";"";"";"";"";"";"";"";"";En gestion;Mail;"";""